Austin_Texas.SMBE.Jul2-6.CallForSymposia, Aug 31, Conferences
Lammi_Finland.Evolution.Oct12-14, Aug 31, Conferences
Madison_Florida.SEPEEG.Oct21-23, Aug 27, Conferences
Munich.OriginsOfLife.Sep15-16, Aug 27, Conferences
Madison.CrowTribute.Sep23, Aug 27, Conferences
DukeU.MadagascarEvolution.Sep21-23, Aug 27, Conferences
OpenU.EmergenceOfLife.Nov3-4, Aug 25, Conferences
Seville.EcolEvolNGS.Jan31-Feb4.DeadlineSep5, Aug 19, Conferences
MaxPlanckInst_Ploen.ExptEvolution.Sep19-21.Reminder, Aug 18, Conferences
Bangalore.GeneticsOfAdaptation.Nov28-Dec2, Aug 18, Conferences
Cambridge.PlantEvolution.Sep15-16, Aug 07, Conferences
KansasCity.EcologicalGenomics.Oct28-30, Aug 05, Conferences
Orlando.WeevilEvolution.Oct1-3, Aug 05, Conferences
Weggis_Switzerland.CoevolutionaryInteractions.Jan8-13, Aug 31, WorkshopsCourses
Barcelona.PhylogeneticAnalysisUsingR.Mar6-10, Aug 31, WorkshopsCourses
SaoPaulo_Brazil.ComparativeEmbryology.Nov27-Dec11, Aug 31, WorkshopsCourses
OTS_CostaRica.InsectEvolution.2017, Aug 30, WorkshopsCourses
CzechRepublic.Genomics.Jan8-21, Aug 30, WorkshopsCourses
Kristineberg_Sweden.MarineEvolution.Nov20-25, Aug 27, WorkshopsCourses
Almaty_Kazakhstan.NGS_applications.Sep18-24.UK, Aug 25, WorkshopsCourses
Panama.TunicateEvolution.Jun20-Jul4, Aug 17, WorkshopsCourses
Portugal.AppliedEvolutionaryTheory.Nov7-11, Aug 17, WorkshopsCourses
Manchester.IntroToPythonForBiologists.Oct3-7, Aug 11, WorkshopsCourses
