Manchester.MolGenomeEvolution.Jun20, Apr 30, Conferences
GoldCoast_Australia.SMBE_AncientDNA_and_HumanInnovation.Jul3-7, Apr 28, Conferences
Hinxton_UK.VirusGenomicsEvolution.Jun8-10, Apr 27, Conferences
DurhamNC.EvolutionaryMedicineSociety.Jun22-25, Apr 27, Conferences
Ilhabela_Brazil.AmoebaeSystematics.Sep12-15, Apr 27, Conferences
FloridaStateU.EcolEvolutionEthologyFish.Jun14-16, Apr 27, Conferences
CornellU.EEID_EvolutionDisease.Jun3-5, Apr 26, Conferences
Edinburgh.TelomereDynamics.31Oct, Apr 26, Conferences
UGoettingen_Germany.ConservationGenetics.Oct5-7.Reminder, Apr 26, Conferences
Gold_Coast_Australia.SMBE_StructuralVariation.Jul3-7, Apr 20, Conferences
Montpellier.EcolEvolutionModels.Jun6-7, Apr 19, Conferences
Asilomar_California.LocalAdaptation.Jul14-17, Apr 17, Conferences
Montreal.RECOMB_ComparativeGenomics.Oct11-14, Apr 13, Conferences
Gotland.PhDStudentsEvolBiol.Sep11-15, Apr 12, Conferences
Kew_UK.PlantEvolution.May11-12, Apr 12, Conferences
Perugia_Italy.ComputLandscapeGenetics.Oct12-14, Apr 11, Conferences
Ankara.EcolEvolBiology.Aug31-Sep3, Apr 09, Conferences
Asilomar_California.LocalAdaptation.Jul14-17.StudentAwards, Apr 08, Conferences
Novosibirsk.BioinformaticsGeneRegul.Aug29-Sep2, Apr 07, Conferences
Girona.EvolutionMarineMicrobes.Jun18-24, Apr 07, Conferences
AustinTX.UndergradTravelAward.Jun17-21, Apr 07, Conferences
ColoradoStateU.GenomicsOfAdaptation.Jul30, Apr 07, Conferences
MNHN_Paris.HumanDNApolymorphism.Dec7-10, Apr 02, Conferences
Lisbon_Portugal.Biodiversity_Lichens, Apr 30, WorkshopsCourses
Toronto.MappingGenomicFeaturesClinicalTraits.Jul18-Jul19, Apr 28, WorkshopsCourses
Faro_Portugal.StatisticalGenetics.Ext_Deadline, Apr 27, WorkshopsCourses
Edinburgh.EvolutionaryQuantGenetics.Oct31-Nov4, Apr 23, WorkshopsCourses
Scotland.GeneticDataAnalysis_Exploration.Aug16-20, Apr 23, WorkshopsCourses
Norway.NonmodelOrganismHTS.May31-Jun10, Apr 23, WorkshopsCourses
Portugal.NicheModelling.Jul18-22, Apr 17, WorkshopsCourses
Hafjel_Norway.Selection.Jun6-10.reminder, Apr 14, WorkshopsCourses
Zagori_Greece.ConservationBiology.Jun27-Jul8, Apr 11, WorkshopsCourses
Barcelona.GeneticBasisOfShape.Sep6-9, Apr 07, WorkshopsCourses
SimBioQUBES.FacultyMentoring, Apr 07, WorkshopsCourses
Hinxton_UK.HumGenomeAnalysis.JUL20-26.DEADLINE_APR8, Apr 07, WorkshopsCourses
Denver_CO.EvolutionInCognition.Jul21, Apr 07, WorkshopsCourses
Vairao_Portugal.Speciation.May9-13, Apr 05, WorkshopsCourses
Maynooth_Ireland.Phylogenomics.May29-Jun3, Apr 05, WorkshopsCourses
UTennessee_Knoxville.NIMBioSTutorial.EvolQuantGenetics.Aug8-12, Apr 02, WorkshopsCourses
