Stockholm.ScandinavianOrigins.Nov7-8.RegistrationOpen, Sep 30, Conferences
AsconaSwitzerland.PopGenomicsFungalPathogens.May7-11, Sep 28, Conferences
Marseilles.EvolBiol.Sep26-29_2017, Sep 28, Conferences
Vigo_Spain.EvolutionMussels.Oct26-27, Sep 26, Conferences
Vienna.ConservationBiol.Apr19-21, Sep 23, Conferences
Lisbon_Portugal.EvoDevo.Nov9-11, Sep 22, Conferences
Vienna.MindTheGap.Oct31-Nov1.reminder, Sep 21, Conferences
LundU.SwedishOikos2017.Feb7-9.CallSatelliteSymposia, Sep 21, Conferences
Cambridge.PopulationGeneticsGroup, Sep 21, Conferences
Zaragoza.ancientDNA.May9-13, Sep 20, Conferences
Portugal.TrendsBiodiversity.Nov28-29, Sep 20, Conferences
KansasCity.EcolGenomics.Oct28-30.3, Sep 17, Conferences
CityULondon.MathModelsInEcolEvolution.Jul10-12, Sep 17, Conferences
Tours.PlantInsectInteractions.Jul2-5, Sep 15, Conferences
WashingtonDC.GlobalBiodiversityGenomics.Feb21-23, Sep 15, Conferences
NHM_London.YoungSystematists.Nov25, Sep 12, Conferences
Porto_Portugal.EvoKE17.Feb5-8, Sep 11, Conferences
UChicago.CoyneFest_Speciation.Oct14-15, Sep 09, Conferences
UUtah.SpeciesConcepts.Mar23-25, Sep 09, Conferences
KansasCity.EcolGenomics.Oct28-30, Sep 07, Conferences
MaxPlanckInst_Ploen.MigrationGenetics.Apr4-7, Sep 05, Conferences
Marseilles.20thEvolBiol.Sep20-23.RegDeadline, Sep 02, Conferences
Seville.EcolEvol.Jan31-Feb4, Sep 01, Conferences
Waiheke_NewZealand.Taming_the_BEAST.Feb5-10, Sep 29, WorkshopsCourses
Scotland.LandscapeGenetic.Oct17-21.AccommodationScholarships, Sep 29, WorkshopsCourses
SanDiego.PAG-PopulationConservationGenomics.Jan14-18, Sep 28, WorkshopsCourses
UEdinburgh.4.DataAnalysis.Nov-Dec, Sep 28, WorkshopsCourses
Leicester.RNAseq.Oct26-28, Sep 28, WorkshopsCourses
UNdMisiones_Argentina.ConservationGenetics.Jan29-Feb12, Sep 28, WorkshopsCourses
Faro_Portugal.Phylogenetics.Apr24-29, Sep 22, WorkshopsCourses
TropicalStudies.ArachnidEvol.Jan3-17.BeetleEvol.Jun5-24, Sep 21, WorkshopsCourses
Argentina.ConservationGenetics.Jan29-Feb12, Sep 20, WorkshopsCourses
Hinxton.ComputationalMolEvol.May8-19, Sep 16, WorkshopsCourses
Ferrara_Italy.NaturalSelection.Dec16-18, Sep 16, WorkshopsCourses
CostaRica.EvolutionaryEntomology.Jan, Sep 15, WorkshopsCourses
Manchester.IntroToPythonForBiologists.Oct3-7.2, Sep 15, WorkshopsCourses
IBENS_Paris.ExperimentalEvolution.Nov7-11, Sep 15, WorkshopsCourses
UGothenburg.BioinformaticPipelines.Nov7-11, Sep 13, WorkshopsCourses
Portugal.Evolution.Nov21-Dec16, Sep 13, WorkshopsCourses
Edinburgh.EvolQuantGenet.Oct31-Nov4.Reminder, Sep 11, WorkshopsCourses
Berlin.EukaryoticMetabarcoding.Feb20-24, Sep 09, WorkshopsCourses
UManchester.Morphometrics.Nov7-Dec16.Online, Sep 09, WorkshopsCourses
SaltLakeCity.Galaxy.Nov7-11, Sep 07, WorkshopsCourses
CzechRepublic.Phylogenomics.Jan22-Feb4, Sep 06, WorkshopsCourses
CollegePark_Maryland.Bioinformatics.Sep15-18, Sep 02, WorkshopsCourses
KITP_SantaBarbara.EcoEvolDynamics.Jul24-Sep15, Sep 02, WorkshopsCourses
England.AdvancedPythonForBiologists.Feb6-10, Sep 01, WorkshopsCourses
