Paris.HumanPopGenetics.Dec7-10, Jul 31, Conferences
Cambridge.InsectImmunityEvolution.Dec16, Jul 31, Conferences
SanDiego.AvianGenomics.Jan14-18, Jul 31, Conferences
Oxford.MolecularArchaelogy.Sep14-16, Jul 29, Conferences
Cambridge.MathematicalMolBiol.Oct3-4, Jul 29, Conferences
BatonRouge.SocietyofSystematicBiologists.Jan8-10, Jul 26, Conferences
WashingtonDC.EvolTheory.Sep22, Jul 26, Conferences
Seville.EcolEvolNGS.Jan31-Feb4, Jul 22, Conferences
MaxPlanckInst_Ploen.ExptEvolution.Sep19-21, Jul 19, Conferences
Portland.ASN.Jun23-27.CallSymposium, Jul 16, Conferences
Portland.EvolutionEcology.2017.ASNSympCall, Jul 13, Conferences
Vienna.MindTheGap.Oct31-Nov1.2, Jul 13, Conferences
Tuscany.Speciation.Feb19-24.Registration, Jul 12, Conferences
Cambridge.PlantEvolution.Sep15-16, Jul 12, Conferences
MNHN_Paris.Holobionts.Apr19-21, Jul 09, Conferences
NHM_London.YoungSystematists.Nov25, Jul 09, Conferences
Marseilles.21thEvolutionaryBiology.Sep26-29, Jul 08, Conferences
Tempe_Arizona.EvolGenomicsSex.Nov17-19, Jul 02, Conferences
Stockholm.ScandinavianOrigins.Nov7-8, Jul 01, Conferences
CatalinaIsland_California.2bRAD_Genotyping.Sep3-11, Jul 31, WorkshopsCourses
UComahueBariloche.PhylogeneticMethodsInR.Dec12-16, Jul 31, WorkshopsCourses
CollegePark_MD.Bioinformatics.Sep15-18, Jul 29, WorkshopsCourses
Banff.IntroToGeometricMorphometrics.Jan9-13, Jul 29, WorkshopsCourses
Scotland.GeneticDataAnalysis.Aug16-20.Part.funded.scholarships, Jul 27, WorkshopsCourses
Ferrara_Italy.NaturalSelection.Dec16-18, Jul 21, WorkshopsCourses
Berlin.PythonIntroForBiologists.Dec5-9, Jul 20, WorkshopsCourses
Berlin.BioinformaticsWithLinux.Nov14-18.txt, Jul 19, WorkshopsCourses
Chicago.FuturePhy.Oct.RequestForProposals, Jul 17, WorkshopsCourses
Knoxville.ImprovingGeneticStatistics.Nov7-9, Jul 17, WorkshopsCourses
LeipzigU.EvolutionEcol.Nov18-20, Jul 16, WorkshopsCourses
Montana.ConservationGenetics.Sep5-10.3, Jul 15, WorkshopsCourses
Asilomar_California.ConservationAndGeneExpression.Sep19-23.2, Jul 05, WorkshopsCourses
Scotland.LandscapeGeneticDataAnalysis.Oct17-21, Jul 05, WorkshopsCourses
Teaching.QuantBiol, Jul 02, WorkshopsCourses
Faro_Portugal.StatisticalGenetics, Jul 01, WorkshopsCourses
