Madison_Florida.SEPEEG.Oct21-23, Jun 29, Conferences
WeizmannInstSci.GenomeEvolution.Nov1-3, Jun 29, Conferences
Austin.AppliedEvol.Jun18, Jun 28, Conferences
Italy.ComputLandscapeGenetics.Oct12-14, Jun 17, Conferences
Vienna.MindTheGap.Oct31-Nov1, Jun 17, Conferences
UChicago.MidWestPopGen.Aug26-27, Jun 16, Conferences
Marseilles.20thEvolBiol.Sep20-23.AcceptedAbstracts, Jun 15, Conferences
Sweden.BiosystEU2017.Aug2017, Jun 15, Conferences
Evolution_Austin_2016GradStudentBingo, Jun 15, Conferences
Roscoff.EvolGenomicsSystemsBiol.Oct10-14.DeadlineJun22, Jun 15, Conferences
Antwerp.NatureConservation.Dec15-17, Jun 11, Conferences
UMontreal.RECOMB.Oct11-14.DeadlineExt, Jun 04, Conferences
AsilomarCA.LocalAdaptation.Jul14-17.2, Jun 01, Conferences
Tempe_Arizona.EvolutionSex.Nov17-19, Jun 01, Conferences
Ankara.EcolEvolBiology.Aug31-Sep3.2, Jun 01, Conferences
CollegePark_MD.Bioinformatics.Sep15-18, Jun 30, WorkshopsCourses
Paris.ExperimentalEvolution.Nov7-11, Jun 29, WorkshopsCourses
Nantucket.Phylogenetic.DevelopeR.Bootcamp, Jun 28, WorkshopsCourses
Lausanne.PopulationGenomicsInR.Aug22-26, Jun 28, WorkshopsCourses
Barcelona.PopGeneticsEvol.Oct3-5.AbstractDeadline, Jun 24, WorkshopsCourses
Scotland.PhylogenticDataAnalysis.Oct31-Nov4, Jun 23, WorkshopsCourses
Oviedo_Spain.AlertTools, Jun 14, WorkshopsCourses
CopenhagenU.NGSpopulationGenetics.Aug22-26, Jun 10, WorkshopsCourses
PortoAlegre_Brazil.HierarchicalPopModeling.Oct9-15.2, Jun 09, WorkshopsCourses
SwissAlps.Social_Decisions.Jul19-22, Jun 08, WorkshopsCourses
MathVillage_Turkey.QuantEvolBiol.Sep18-25, Jun 07, WorkshopsCourses
Minnesota.TeachingEvolComputation.Oct23-25, Jun 07, WorkshopsCourses
Amsterdam.EvoEvol.Sep20.CallAbstracts, Jun 07, WorkshopsCourses
PortoAlegre_Brazil.HierarchicalPopModeling.Oct9-15, Jun 06, WorkshopsCourses
